{"reward": -100, "min_dist": 88.70063038953451, "episode": 3, "_timestamp": 1701900407.017667, "_runtime": 48.43319916725159, "_step": 2, "_wandb": {"runtime": 48}}