{"reward": -105.5, "min_dist": 60.515884551713725, "episode": 134, "_timestamp": 1701904992.593601, "_runtime": 362.5962390899658, "_step": 133, "_wandb": {"runtime": 362}}