{"reward": -121.0, "min_dist": 21.521737062792337, "episode": 67, "_timestamp": 1701900941.654539, "_runtime": 23.373911142349243, "_step": 66, "_wandb": {"runtime": 22}}