{"reward": -132.19999999999996, "min_dist": 65.46842778157689, "episode": 367, "_timestamp": 1701899896.015316, "_runtime": 512.8898739814758, "_step": 366, "_wandb": {"runtime": 512}}