{"reward": -121.5, "min_dist": 80.16990882457863, "episode": 3091, "_timestamp": 1701902365.360505, "_runtime": 937.1072950363159, "_step": 3090, "_wandb": {"runtime": 936}}