{"reward": -87.5, "min_dist": 85.64584354591572, "episode": 20, "_timestamp": 1701902679.012255, "_runtime": 151.8254690170288, "_step": 19, "_wandb": {"runtime": 152}}