{"reward": -91.0, "min_dist": 99.1656121371024, "episode": 1000, "_timestamp": 1701901260.314034, "_runtime": 308.742311000824, "_step": 999, "_wandb": {"runtime": 462}}