{"reward": -94, "min_dist": 71.17050165589563, "episode": 10, "_timestamp": 1701902768.6081548, "_runtime": 63.51138782501221, "_step": 9, "_wandb": {"runtime": 68}}