{"reward": -74.5, "min_dist": 55.06384365069965, "episode": 13, "_timestamp": 1701902940.829441, "_runtime": 140.1741659641266, "_step": 12, "_wandb": {"runtime": 140}}