{"reward": -160.0, "min_dist": 49.398207169016246, "episode": 310, "_timestamp": 1701903688.914624, "_runtime": 134.32795000076294, "_step": 309, "_wandb": {"runtime": 134}}