{"reward": -137.0, "min_dist": 84.02570115671189, "episode": 208, "_timestamp": 1701900908.548373, "_runtime": 76.06080389022827, "_step": 207, "_wandb": {"runtime": 75}}