{"reward": -100.5, "min_dist": 61.66176064769186, "episode": 1435, "_timestamp": 1701903491.3754292, "_runtime": 534.6559722423553, "_step": 1434, "_wandb": {"runtime": 534}}