{"reward": -116.5, "min_dist": 66.30043950203539, "episode": 14, "_timestamp": 1701902515.523368, "_runtime": 114.07013297080994, "_step": 13, "_wandb": {"runtime": 115}}