{"reward": -117.0, "min_dist": 89.33370707491966, "episode": 10, "_timestamp": 1701900553.023798, "_runtime": 84.28695607185364, "_step": 9, "_wandb": {"runtime": 86}}