{"reward": -100.0, "min_dist": 36.98494424616365, "episode": 783, "_timestamp": 1701905079.324967, "_runtime": 73.30457782745361, "_step": 782, "_wandb": {"runtime": 72}}