{"reward": -132.39999999999998, "min_dist": 82.55171027001741, "episode": 346, "_timestamp": 1701900825.2483258, "_runtime": 181.963782787323, "_step": 345, "_wandb": {"runtime": 181}}