{"reward": -99, "min_dist": 56.359119223689376, "episode": 19, "_timestamp": 1701940776.107327, "_runtime": 56.92816495895386, "_step": 18, "_wandb": {"runtime": 57}}