{"reward": -107.0, "min_dist": 13.355165764443665, "episode": 105, "_timestamp": 1701904622.994903, "_runtime": 229.84469413757324, "_step": 104, "_wandb": {"runtime": 231}}