{"reward": -100.5, "min_dist": 32.11610716479102, "episode": 1003, "_timestamp": 1701939961.225854, "_runtime": 106.89992690086365, "_step": 1002, "_wandb": {"runtime": 106}}